Qty;Value;Device;Package;Parts;Description
1;3.7V;S2B-PH-SM4-TB(LF)(SN);S2B-PH-SM4-TB(LF)(SN);J1;CONN HEADER SMD R/A 2POS 2MM
1;61302221021;61302221021;61302221021;J4;WR-PHD 2.54mm Angled Dual Pin Header, 22 Pins =>Code : Con_BTB_PHD_2.54_2_61302221021
1;90120-0768;90120-0768;HDRV8W90P0X254_1X8_2032X249X56;J3;8 way single row straight header Molex C-GRID III Series, Series Number 90120, 2.54mm Pitch 8 Way 1 Row Straight Pin Header, Through Hole
1;ABMM2-8.000MHZ-E2-T;ABMM2-8.000MHZ-E2-T;ABMM2;Y1;Abracon 8MHz Crystal Unit +/-20ppm SMD 4-Pin 6 x 3.6 x 1.2mm
1;ADS1299IPAG;ADS1299IPAG;QFP50P1200X1200X120-64N;IC11;Low-Noise, 8-Channel, 24-Bit Analog-to-Digital Converter for Biopotential Measurements
5;CAY16-2201F4LF;CAY16-2201F4LF;RESCAX80P160X320X60-8N;R1, R2, R3, R4, R5;Bourns CAY16 Series 2.2k +/-1% Isolated SMT Resistor Array, 4 Resistors, 0.25W total 1206 Package Convex
9;CC0402KRX7R5BB105;CC0402KRX7R5BB105;CAPC1005X55N;C12, C13, C14, C15, C21, C22, C24, C27, C29;Cap Ceramic 1uF 6.3V X7R 10% SMD 0402 125°C Paper T/R
1;CC0402KRX7R7BB102;CC0402KRX7R7BB102;CAPC1005X55N;C30;YAGEO - CC0402KRX7R7BB102 - CERAMIC CAPACITOR 1000PF, 16V, X7R, 10%, 0402, FULL REEL
2;CC0402KRX7R7BB103;CC0402KRX7R7BB103;CAPC1005X55N;C4, C7;CAPACITOR, 0402 10nF +/-10% 16V
7;CC0402KRX7R7BB104;CC0402KRX7R7BB104;CAPC1005X55N;C16, C17, C18, C19, C23, C26, C34;Cap 100nF 16V 0402 SMD 10% X7R Phycomp 100nF Multilayer Ceramic Capacitor (MLCC) 16 V dc +/-10% X7R dielectric Standard max op. temp. +125C
1;CC1206MKX5R5BB107;CC1206MKX5R5BB107;CAPC3216X125N;C28;Multilayer Ceramic Capacitors MLCC - SMD/SMT FACTORY NOT ACCEPTING ORDERS
1;CDBU0130L;CDBU0130L;DIOM179X85N;D1;NewCOMCHIP TECHNOLOGY CDBU0130L, SMT Schottky Diode, 35V 100mA, 2-Pin SOD-523F (0603)
2;CERAMIC-18PF-50V-5%-NPO(0402);CERAMIC-18PF-50V-5%-NPO(0402);C0402;C31, C33;302010016
5;CKCL44X7R1H102M085AA;CKCL44X7R1H102M085AA;CKCL44X7R1H102M085AA;CN1, CN2, CN3, CN4, CN5;TDK - CKCL44X7R1H102M085AA - CAP, 1000PF, 50V, 20%, X7R, 0805
1;DM3CS-SF;DM3CS-SF;HRS_DM3CS-SF;J2;CONN MICRO SD CARD HINGED TYPE
1;ESP32-D2WD;ESP32-D2WD;QFN35P500X500X90-49N;IC12;RF System on a Chip - SoC SMD IC ESP32-D2WD, Dual Core MCU, WiFi & Bluetooth Combo, 2MByte Flash inside, QFN48-pin, 5x5mm
5;GRM155C80J225ME95D;GRM155C80J225ME95D;CAPC1005X55N;C3, C5, C8, C11, C20;Multilayer Ceramic Capacitors MLCC - SMD/SMT 0402 2.2uF 6.3volts *Derate Voltage/Temp
1;GRM155R61C225KE44D;GRM155R61C225KE44D;CAPC1005X55N;C10;Multilayer Ceramic Capacitors MLCC - SMD/SMT 0402 2.2uF 16volts *Derate Voltage/Temp
7;GRM188C80G106KE47D;GRM188C80G106KE47D;CAPC1608X90N;C1, C2, C6, C9, C25, C32, C35;Multilayer Ceramic Capacitors MLCC - SMD/SMT 0603 10uF 4volts *Derate Voltage/Temp
1;LIS3DHTR;LIS3DHTR;PQFN50P300X300X100-16N;AC1;Accelerometer 3-Axis 2g/16g 1.8V LGA16 STMicroelectronics LIS3DHTR Accelerometer IC, 3-axis, I2C, SPI 1.71  3.6 V, 16-Pin LGA
1;LM2664M6_NOPB;LM2664M6_NOPB;SOT95P280X145-6N;IC1;1.8V to 5.5Vin Switched Capacitor Voltage Converter
3;LTST-C193TBKT-5A;LTST-C193TBKT-5A;LEDC1608X45N;LED1, LED2, LED3;Standard LEDs - SMD Blue 470nm 28mcd 20mA
1;M50-3030242;M50-3030242;M503030242;J6;Headers & Wire Housings 2 WAY SIL VERT PC TAIL SKT
3;M50-3030442;M50-3030442;SHDR4W50P0X127_1X4_548X180X455;J5, J7, J8;Headers & Wire Housings 4 WAY SIL VERT PC TAIL SKT
1;MCP1754T-3302E_OT;MCP1754T-3302E_OT;SOT95P270X145-5N;PS1;MICROCHIP - MCP1754T-3302E/OT - LDO, FIXED, 3.3V, 0.15A, -40 TO 125DEG C
1;PIC32MX250F128B_I_SS;PIC32MX250F128B_I_SS;SSOP28_MC;U1;
4;PTS810SJK250SMTRLFS;PTS810SJK250SMTRLFS;PTS810SJG250SMTRLFS;S1, S2, S3, S4;IP40 Black Button Tactile Switch, SPST-NO 50 mA 3mm Surface Mount
4;RC0402JR-0710KL;RC0402JR-0710KL;RESC1005X40N;R10, R13, R14, R15;YAGEO (PHYCOMP) - RC0402JR-0710KL - RES, THICK FILM, 10K, 5%, 0.0625W, 0402
2;RC0402JR-071KL;RC0402JR-071KL;RESC1005X40N;R11, R12;YAGEO (PHYCOMP) - RC0402JR-071KL - RES, THICK FILM, 1K, 5%, 0.0625W, 0402
1;RC0402JR-071ML;RC0402JR-071ML;RESC1005X40N;R6;YAGEO RC0402 VALUE1
1;RC0402JR-07470KL;RC0402JR-07470KL;RESC1005X40N;R7;RESISTOR, 0402 470k Ohms +/-5% 1/16 W
2;RT0402FRE071KL;RT0402FRE071KL;RESC1005X35N;R8, R9;Thin Film Resistors - SMD 1K ohm 1% 1/16W
1;SN74LVC1G32DCKR;SN74LVC1G32DCKR;SOT65P210X110-5N;IC7;Single 2-Input Positive-OR Gate
1;TLV70025QDDCRQ1;TLV70025QDDCRQ1;SOT95P280X110-5N;IC3;Automotive 200-mA Low-IQ Low-Dropout Regulator for Portable Devices
6;TPD4E1B06DCKR;TPD4E1B06DCKR;SOT65P210X110-6N;IC4, IC5, IC6, IC8, IC9, IC10;Texas Instruments TPD4E1B06DCKR Quad Bi-Directional ESD Protection Array, 45W peak, 6-Pin SC-70
1;TPS72325DBVR;TPS72325DBVR;SOT95P280X145-5N;IC2;TEXAS INSTRUMENTS - TPS72325DBVR - LDO, FIXED, -2.5V, 0.2A, SOT-23-5
